<?xml version="1.0"?>
<DARoots Version="1" Minor="6">
	<FileSet Name="sources_1" Type="DesignSrcs" RelSrcDir="$PSRCDIR/sources_1">
		<Filter Type="EDIFSrcs"/>
		<Root Path="C:/Users/boe/Documents/ISE/2013_TD/Ex1/Exo1" Recursive="FALSE">
		</Root>
		<Root Path="C:/Users/boe/Documents/ISE/2013_TD/Ex1/Exo1" Recursive="FALSE">
		</Root>
		<Config>
			<Option Name="DesignMode" Val="GateLvl"/>
			<Option Name="GateLvlMode" Val="EDIF"/>
			<Option Name="TopFile" Val="C:/Users/boe/Documents/ISE/2013_TD/Ex1/Exo1/top.ngc"/>
		</Config>
	</FileSet>
</DARoots>

